Date,SHOP,BA,BE,TSLA,AAPL,AMZN,MU,NBL,MPC,NFLX
2019-06-12,310.1400146484375,340.8490295410156,10.5,41.85200119018555,47.41789245605469,1855.3199462890625,32.959999084472656,19.91451644897461,43.55068588256836,345.55999755859375
2019-06-13,306.989990234375,342.64642333984375,11.289999961853027,42.78200149536133,47.40812301635742,1870.300048828125,33.380001068115234,20.31554412841797,44.412986755371094,343.42999267578125
2019-06-14,305.1099853515625,340.9767150878906,11.109999656677246,42.98400115966797,47.06382369995117,1869.6700439453125,32.65999984741211,19.298297882080078,44.4686164855957,339.7300109863281
2019-06-17,305.8500061035156,348.578857421875,11.789999961853027,45.00600051879883,47.344642639160156,1886.030029296875,32.43000030517578,19.777576446533203,45.16401672363281,350.6199951171875
2019-06-18,304.2099914550781,367.29937744140625,12.069999694824219,44.948001861572266,48.45811080932617,1901.3699951171875,34.290000915527344,19.904733657836914,46.02631378173828,357.1199951171875
2019-06-19,327.0199890136719,361.9955749511719,12.170000076293945,45.2859992980957,48.31648254394531,1908.7900390625,33.939998626708984,20.041667938232422,46.04486083984375,363.5199890136719
2019-06-20,328.010009765625,368.2030029296875,12.4399995803833,43.92399978637695,48.70473861694336,1918.18994140625,34.150001525878906,21.274099349975586,48.16815185546875,365.2099914550781
2019-06-21,326.8500061035156,365.2171325683594,11.720000267028809,44.37200164794922,48.53868865966797,1911.300048828125,33.25,21.088254928588867,48.82646560668945,369.2099914550781
2019-06-24,311.8299865722656,367.3288269042969,11.5600004196167,44.72800064086914,48.4898567199707,1913.9000244140625,33.189998626708984,20.79482078552246,47.843631744384766,371.0400085449219
2019-06-25,284.0400085449219,362.74200439453125,11.529999732971191,43.95199966430664,47.75486755371094,1878.27001953125,32.68000030517578,20.726354598999023,47.64891815185547,360.29998779296875
2019-06-26,289.0299987792969,368.26190185546875,11.819999694824219,43.854000091552734,48.78776168823242,1897.8299560546875,37.040000915527344,21.29366111755371,50.26362991333008,362.20001220703125
2019-06-27,300.9599914550781,357.5364074707031,11.640000343322754,44.56800079345703,48.77311325073242,1904.280029296875,38.06999969482422,21.342567443847656,50.4119758605957,370.0199890136719
2019-06-28,300.1499938964844,357.5265808105469,12.270000457763672,44.69200134277344,48.328697204589844,1893.6300048828125,38.59000015258789,21.90987777709961,51.81206130981445,367.32000732421875
2019-07-01,304.67999267578125,350.111083984375,12.510000228881836,45.433998107910156,49.215084075927734,1922.18994140625,40.11000061035156,21.997905731201172,51.107383728027344,374.6000061035156
2019-07-02,311.9599914550781,347.85205078125,12.630000114440918,44.90999984741211,49.503204345703125,1934.31005859375,39.599998474121094,21.32300567626953,50.52325439453125,375.42999267578125
2019-07-03,313.3299865722656,348.156494140625,12.40999984741211,46.97999954223633,49.9134407043457,1939.0,39.59000015258789,21.61644172668457,50.36561965942383,381.7200012207031
2019-07-05,313.7200012207031,349.521728515625,12.8100004196167,46.619998931884766,49.869483947753906,1942.9100341796875,39.41999816894531,21.44038200378418,50.87558364868164,380.54998779296875
2019-07-08,321.0,344.8661804199219,12.920000076293945,46.06800079345703,48.84147644042969,1952.3199462890625,40.40999984741211,20.873071670532227,50.38416290283203,376.1600036621094
2019-07-09,321.9800109863281,346.8011169433594,12.960000038146973,46.012001037597656,49.13938903808594,1988.300048828125,41.349998474121094,21.039350509643555,50.662330627441406,379.92999267578125
2019-07-10,319.010009765625,346.025146484375,13.050000190734863,47.784000396728516,49.62530517578125,2017.4100341796875,42.900001525878906,21.831626892089844,50.977569580078125,381.0
2019-07-11,315.0,352.6058349609375,12.739999771118164,47.720001220703125,49.263916015625,2001.0699462890625,43.47999954223633,21.79250144958496,51.404083251953125,379.5
2019-07-12,310.0199890136719,358.8230895996094,13.0600004196167,49.01599884033203,49.64240264892578,2011.0,44.5099983215332,22.2424373626709,51.44117736816406,373.25
2019-07-15,324.0199890136719,355.1693420410156,12.3100004196167,50.70000076293945,50.108787536621094,2020.989990234375,44.400001525878906,21.274099349975586,50.83849334716797,366.6000061035156
2019-07-16,317.3900146484375,356.2890319824219,12.0,50.47600173950195,49.9354133605957,2009.9000244140625,43.060001373291016,20.63831901550293,51.626617431640625,365.989990234375
2019-07-17,325.32000732421875,362.9384765625,11.600000381469727,50.97200012207031,49.654605865478516,1992.030029296875,43.369998931884766,20.119918823242188,50.356346130371094,362.44000244140625
2019-07-18,331.1499938964844,354.67822265625,11.430000305175781,50.70800018310547,50.21866989135742,1977.9000244140625,44.66999816894531,20.384010314941406,51.329917907714844,325.2099914550781
2019-07-19,330.0,370.6387939453125,11.0,51.63600158691406,49.46902847290039,1964.52001953125,45.52000045776367,20.726354598999023,51.218650817871094,315.1000061035156
2019-07-22,335.239990234375,366.76904296875,10.65999984741211,51.13600158691406,50.59959411621094,1985.6300048828125,47.189998626708984,20.43291473388672,51.20010757446289,310.6199951171875
2019-07-23,330.2200012207031,366.4252624511719,10.5,52.034000396728516,50.99516677856445,1994.489990234375,46.95000076293945,20.726354598999023,51.6544303894043,307.29998779296875
2019-07-24,329.57000732421875,354.9925537109375,10.90999984741211,52.97600173950195,50.95366668701172,2000.81005859375,47.9900016784668,21.02956771850586,53.42538833618164,317.94000244140625
2019-07-25,333.3399963378906,341.8901672363281,10.630000114440918,45.763999938964844,50.550758361816406,1973.8199462890625,47.77000045776367,20.52094841003418,52.386924743652344,326.4599914550781
2019-07-26,336.5400085449219,338.8551940917969,10.649999618530273,45.608001708984375,50.72657012939453,1943.050048828125,47.4900016784668,20.29598045349121,52.702171325683594,335.7799987792969
2019-07-29,319.7099914550781,334.1504821777344,10.319999694824219,47.15399932861328,51.200279235839844,1912.449951171875,46.81999969482422,20.413354873657227,52.07167053222656,332.70001220703125
2019-07-30,314.29998779296875,341.2713623046875,10.15999984741211,48.45199966430664,50.98051834106445,1898.530029296875,47.459999084472656,21.61644172668457,52.89688491821289,325.92999267578125
2019-07-31,317.8800048828125,335.10321044921875,10.449999809265137,48.321998596191406,52.02074432373047,1866.780029296875,44.88999938964844,21.59687614440918,52.28492736816406,322.989990234375
2019-08-01,341.3900146484375,328.3359375,10.210000038146973,46.77000045776367,50.89505386352539,1855.3199462890625,43.599998474121094,20.041667938232422,51.329917907714844,319.5
2019-08-02,332.19000244140625,333.5120849609375,10.239999771118164,46.86800003051758,49.81821060180664,1823.239990234375,44.08000183105469,21.527328491210938,49.71657943725586,318.8299865722656
2019-08-05,321.3900146484375,325.1634521484375,9.619999885559082,45.66400146484375,47.210330963134766,1765.1300048828125,41.939998626708984,21.202648162841797,46.9813346862793,307.6300048828125
2019-08-06,332.6700134277344,326.52874755859375,9.220000267028809,46.150001525878906,48.10404586791992,1787.8299560546875,42.619998931884766,21.055065155029297,45.97995376586914,310.1000061035156
2019-08-07,341.30999755859375,325.477783203125,9.140000343322754,46.683998107910156,48.602176666259766,1793.4000244140625,41.75,21.212488174438477,44.62623977661133,304.2900085449219
2019-08-08,357.80999755859375,332.42071533203125,8.920000076293945,47.65999984741211,49.67414093017578,1832.8900146484375,42.630001068115234,21.881526947021484,45.91504669189453,315.8999938964844
2019-08-09,369.95001220703125,333.606689453125,8.5600004196167,47.00199890136719,49.264808654785156,1807.5799560546875,41.52000045776367,21.802818298339844,44.8673095703125,308.92999267578125
2019-08-12,366.7300109863281,329.050537109375,8.0,45.801998138427734,49.139793395996094,1784.9200439453125,42.130001068115234,21.665071487426758,42.97582244873047,310.8299865722656
2019-08-13,369.2300109863281,328.9714660644531,4.599999904632568,47.0,51.22079086303711,1824.3399658203125,44.16999816894531,21.94055938720703,43.717586517333984,312.2799987792969
2019-08-14,352.79998779296875,316.6767883300781,4.909999847412109,43.92399978637695,49.69620132446289,1762.9599609375,42.040000915527344,20.779579162597656,41.38103485107422,299.1099853515625
2019-08-15,351.07000732421875,324.1682434082031,4.949999809265137,43.12799835205078,49.44864273071289,1776.1199951171875,42.2400016784668,20.877967834472656,42.09497833251953,295.760009765625
2019-08-16,358.739990234375,326.58966064453125,5.119999885559082,43.987998962402344,50.6153678894043,1792.5699462890625,43.54999923706055,21.16329574584961,42.855289459228516,302.79998779296875
2019-08-19,361.8299865722656,329.8807067871094,5.400000095367432,45.36600112915039,51.55904769897461,1816.1199951171875,45.0099983215332,22.09798240661621,44.32953643798828,309.3800048828125
2019-08-20,374.9700012207031,327.87445068359375,5.489999771118164,45.172000885009766,51.561500549316406,1801.3800048828125,44.22999954223633,21.89136505126953,43.80448532104492,298.989990234375
2019-08-21,389.8299865722656,336.0181884765625,5.300000190734863,44.16600036621094,52.12034606933594,1823.5400390625,44.16999816894531,21.861848831176758,44.28266143798828,297.80999755859375
2019-08-22,388.5400085449219,350.26971435546875,4.96999979019165,44.43000030517578,52.07622528076172,1804.6600341796875,44.779998779296875,21.950397491455078,43.963871002197266,296.92999267578125
2019-08-23,382.75,351.8510437011719,4.650000095367432,42.279998779296875,49.66923904418945,1749.6199951171875,42.959999084472656,21.25184440612793,42.904388427734375,291.44000244140625
2019-08-26,395.9599914550781,354.84564208984375,4.670000076293945,43.0,50.6129150390625,1768.8699951171875,43.43000030517578,21.350231170654297,43.16691589355469,294.9800109863281
2019-08-27,406.989990234375,350.58599853515625,4.400000095367432,42.816001892089844,50.041805267333984,1761.8299560546875,42.439998626708984,21.16329574584961,42.50122833251953,291.0299987792969
2019-08-28,394.79998779296875,355.7647705078125,4.269999980926514,43.11800003051758,50.37761306762695,1764.25,43.150001525878906,21.852008819580078,43.43882751464844,291.7699890136719
2019-08-29,391.7099914550781,358.5024108886719,4.179999828338623,44.34199905395508,51.2305908203125,1786.4000244140625,44.66999816894531,22.412822723388672,45.529659271240234,296.7799987792969
2019-08-30,385.3900146484375,359.8366394042969,4.480000019073486,45.12200164794922,51.1644172668457,1776.2900390625,45.27000045776367,22.216047286987305,46.139095306396484,293.75
2019-09-03,383.9100036621094,350.2796325683594,4.449999809265137,45.00199890136719,50.419273376464844,1789.8399658203125,44.9900016784668,21.950397491455078,46.54226303100586,289.2900085449219
2019-09-04,386.489990234375,352.3649597167969,4.489999771118164,44.13600158691406,51.274715423583984,1800.6199951171875,46.810001373291016,22.157014846801758,47.49861145019531,291.5199890136719
2019-09-05,392.7200012207031,356.09088134765625,4.630000114440918,45.91600036621094,52.277217864990234,1840.719970703125,49.029998779296875,22.314435958862305,49.20503234863281,293.25
2019-09-06,380.4200134277344,358.7593688964844,4.78000020980835,45.4900016784668,52.272315979003906,1833.510009765625,48.970001220703125,22.343952178955078,49.19565963745117,290.1700134277344
2019-09-09,358.6700134277344,354.5886535644531,4.670000076293945,46.358001708984375,52.495365142822266,1831.3499755859375,49.130001068115234,23.37702751159668,50.23639678955078,294.3399963378906
2019-09-10,337.239990234375,365.17352294921875,4.559999942779541,47.108001708984375,53.11549377441406,1820.550048828125,49.38999938964844,23.819774627685547,51.080230712890625,287.989990234375
2019-09-11,347.510009765625,378.4664306640625,4.889999866485596,49.41999816894531,54.8043098449707,1822.989990234375,50.47999954223633,24.28219985961914,50.73331832885742,288.2699890136719
2019-09-12,356.6300048828125,371.2418212890625,4.619999885559082,49.17399978637695,54.68175506591797,1843.550048828125,50.439998626708984,24.242843627929688,49.8707275390625,288.8599853515625
2019-09-13,338.30999755859375,375.3235778808594,4.440000057220459,49.040000915527344,53.61797332763672,1839.3399658203125,50.5,24.636396408081055,49.9644889831543,294.1499938964844
2019-09-16,337.92999267578125,374.4241943359375,4.190000057220459,48.5620002746582,53.89984893798828,1807.8399658203125,50.150001525878906,24.823333740234375,49.139408111572266,294.2900085449219
2019-09-17,328.82000732421875,379.7117004394531,3.309999942779541,48.95800018310547,54.095943450927734,1822.550048828125,50.84000015258789,24.685590744018555,50.07699966430664,298.6000061035156
2019-09-18,325.8500061035156,381.8959045410156,3.3399999141693115,48.698001861572266,54.60332107543945,1817.4599609375,50.47999954223633,23.84929084777832,50.40515899658203,291.55999755859375
2019-09-19,325.0,379.94891357421875,3.549999952316284,49.31999969482422,54.15967559814453,1821.5,49.81999969482422,22.924440383911133,50.555171966552734,286.6000061035156
2019-09-20,318.82000732421875,374.9579162597656,3.319999933242798,48.124000549316406,53.367958068847656,1794.1600341796875,49.15999984741211,22.776859283447266,51.661537170410156,270.75
2019-09-23,313.260009765625,372.6254577636719,3.430000066757202,48.24599838256836,53.61062240600586,1785.300048828125,49.599998474121094,23.06218719482422,52.299102783203125,265.9200134277344
2019-09-24,295.4700012207031,377.1914978027344,3.240000009536743,44.641998291015625,53.35570526123047,1741.6099853515625,48.5099983215332,22.304595947265625,52.017822265625,254.58999633789062
2019-09-25,314.6000061035156,381.6883544921875,3.4700000286102295,45.7400016784668,54.17682647705078,1768.3299560546875,49.470001220703125,22.61943817138672,56.396400451660156,264.75
2019-09-26,313.1400146484375,382.37030029296875,3.490000009536743,48.512001037597656,53.897403717041016,1739.8399658203125,48.599998474121094,22.32427215576172,57.043338775634766,263.30999755859375
2019-09-27,305.69000244140625,378.3873596191406,3.4600000381469727,48.42599868774414,53.6351318359375,1725.449951171875,43.209999084472656,22.09798240661621,58.52473831176758,263.0799865722656
2019-09-30,311.6600036621094,376.0252685546875,3.25,48.17399978637695,54.89745330810547,1735.9100341796875,42.849998474121094,22.09798240661621,56.958953857421875,267.6199951171875
2019-10-01,313.2200012207031,370.55987548828125,3.1600000858306885,48.9379997253418,55.04941940307617,1735.6500244140625,42.29999923706055,21.055065155029297,56.61204528808594,269.5799865722656
2019-10-02,310.3599853515625,363.06842041015625,3.0999999046325684,48.625999450683594,53.6694450378418,1713.22998046875,41.97999954223633,20.287641525268555,55.505680084228516,268.0299987792969
2019-10-03,325.57000732421875,367.7234191894531,3.190000057220459,46.60599899291992,54.12535095214844,1724.4200439453125,43.459999084472656,20.58280372619629,56.255760192871094,268.1499938964844
2019-10-04,327.20001220703125,371.31103515625,3.2100000381469727,46.2859992980957,55.6425895690918,1739.6500244140625,44.54999923706055,20.25812339782715,56.949581146240234,272.7900085449219
2019-10-07,326.32000732421875,372.1412048339844,3.240000009536743,47.54399871826172,55.65484619140625,1732.6600341796875,44.15999984741211,19.402145385742188,56.63079833984375,274.4599914550781
2019-10-08,311.04998779296875,369.7297058105469,3.0799999237060547,48.0099983215332,55.00284957885742,1705.510009765625,42.63999938964844,19.14633560180664,56.08699035644531,270.7200012207031
2019-10-09,313.8500061035156,370.57965087890625,3.069999933242798,48.90599822998047,55.647491455078125,1721.989990234375,42.880001068115234,19.136499404907227,56.78080749511719,267.5299987792969
2019-10-10,324.4700012207031,366.6659240722656,3.369999885559082,48.948001861572266,56.39752960205078,1720.260009765625,43.279998779296875,19.795700073242188,58.0653190612793,280.4800109863281
2019-10-11,329.260009765625,370.5401306152344,3.1700000762939453,49.577999114990234,57.89760971069336,1731.9200439453125,45.099998474121094,20.24828338623047,59.46233367919922,282.92999267578125
2019-10-14,344.29998779296875,368.8204345703125,2.9100000858306885,51.391998291015625,57.81427001953125,1736.4300537109375,44.86000061035156,20.11054039001465,59.199806213378906,285.5299987792969
2019-10-15,346.0799865722656,366.6263732910156,2.9700000286102295,51.577999114990234,57.67946243286133,1767.3800048828125,46.459999084472656,20.58280372619629,60.05302429199219,284.25
2019-10-16,323.6400146484375,368.0792236328125,2.950000047683716,51.95000076293945,57.44660568237305,1777.4300537109375,45.15999984741211,19.972797393798828,58.777889251708984,286.2799987792969
2019-10-17,331.3399963378906,364.74859619140625,2.869999885559082,52.39400100708008,57.669654846191406,1787.47998046875,45.5,19.29391860961914,60.09990310668945,293.3500061035156
2019-10-18,314.3399963378906,339.9813537597656,2.9000000953674316,51.38999938964844,57.946632385253906,1757.510009765625,43.470001220703125,18.75278091430664,61.07500076293945,275.29998779296875
2019-10-21,319.7300109863281,327.1924743652344,2.940000057220459,50.70000076293945,58.95158386230469,1785.6600341796875,45.220001220703125,19.284080505371094,60.63433074951172,278.04998779296875
2019-10-22,299.69000244140625,333.0631103515625,2.7300000190734863,51.11600112915039,58.816776275634766,1765.72998046875,44.65999984741211,19.894086837768555,61.112510681152344,266.69000244140625
2019-10-23,297.1400146484375,336.522216796875,2.7300000190734863,50.93600082397461,59.60602569580078,1762.1700439453125,44.65999984741211,20.179412841796875,61.75945281982422,271.2699890136719
2019-10-24,323.3399963378906,340.52490234375,2.6700000762939453,59.93600082397461,59.704071044921875,1780.780029296875,47.099998474121094,20.031829833984375,62.209495544433594,271.5
2019-10-25,317.45001220703125,335.86004638671875,2.7200000286102295,65.6259994506836,60.43940734863281,1761.3299560546875,48.029998779296875,20.287641525268555,63.76589584350586,276.82000732421875
2019-10-28,324.92999267578125,336.89776611328125,2.8299999237060547,65.54199981689453,61.04482650756836,1777.0799560546875,48.689998626708984,19.884246826171875,63.362735748291016,281.8599853515625
2019-10-29,312.5199890136719,344.8537292480469,2.700000047683716,63.24399948120117,59.632991790771484,1762.7099609375,48.11000061035156,20.05150604248047,63.77527618408203,281.2099914550781
2019-10-30,319.1199951171875,342.01727294921875,2.9600000381469727,63.00199890136719,59.62563705444336,1779.989990234375,47.880001068115234,19.09714126586914,62.05947494506836,291.45001220703125
2019-10-31,313.57000732421875,335.9391174316406,3.059999942779541,62.98400115966797,60.9737434387207,1776.6600341796875,47.54999923706055,18.949560165405273,59.95926284790039,287.4100036621094
2019-11-01,316.760009765625,341.1574401855469,3.3399999141693115,62.6619987487793,62.70423126220703,1791.43994140625,48.380001068115234,19.820804595947266,62.32200622558594,286.80999755859375
2019-11-04,307.9100036621094,346.9884948730469,3.740000009536743,63.49399948120117,63.116004943847656,1804.6600341796875,49.59000015258789,21.10787010192871,63.70027160644531,292.8599853515625
2019-11-05,295.5,354.1044006347656,3.7100000381469727,63.444000244140625,63.025325775146484,1801.7099609375,48.68000030517578,21.454387664794922,62.29387664794922,288.0299987792969
2019-11-06,295.0199890136719,350.05230712890625,3.690000057220459,65.31600189208984,63.052284240722656,1795.77001953125,47.68000030517578,20.692047119140625,60.26866912841797,288.5899963378906
2019-11-07,285.75,355.1966857910156,4.300000190734863,67.10800170898438,63.779991149902344,1788.199951171875,48.400001525878906,20.355430603027344,62.1157341003418,289.57000732421875
2019-11-08,297.6400146484375,348.92401123046875,5.170000076293945,67.4280014038086,63.95454406738281,1785.8800048828125,47.189998626708984,21.21677589416504,62.09698486328125,291.57000732421875
2019-11-11,303.32000732421875,364.78961181640625,5.5,69.01799774169922,64.46099090576172,1771.6500244140625,46.2599983215332,21.10787010192871,61.609432220458984,294.17999267578125
2019-11-12,305.55999755859375,360.7337341308594,5.559999942779541,69.98600006103516,64.4019775390625,1778.0,46.900001525878906,21.03856658935547,60.8499755859375,292.010009765625
2019-11-13,314.30999755859375,360.3559875488281,5.269999980926514,69.22200012207031,65.01905059814453,1753.1099853515625,46.29999923706055,20.86035919189453,60.24053955078125,283.1099853515625
2019-11-14,312.45001220703125,365.26678466796875,5.900000095367432,69.87000274658203,64.56916046142578,1754.5999755859375,46.79999923706055,21.29598045349121,60.42805480957031,289.6199951171875
2019-11-15,312.3800048828125,369.481689453125,6.53000020980835,70.43399810791016,65.33621215820312,1739.489990234375,47.709999084472656,20.67224884033203,60.65308380126953,295.0299987792969
2019-11-18,322.9800109863281,367.2748107910156,6.630000114440918,69.99800109863281,65.66563415527344,1752.530029296875,47.81999969482422,19.721799850463867,60.512447357177734,302.57000732421875
2019-11-19,316.2799987792969,364.8293762207031,6.380000114440918,71.90399932861328,65.46650695800781,1752.7900390625,46.58000183105469,19.296079635620117,58.47046661376953,302.6000061035156
2019-11-20,317.04998779296875,368.71624755859375,6.480000019073486,70.44400024414062,64.70437622070312,1745.530029296875,45.56999969482422,19.880207061767578,58.42319869995117,305.1600036621094
2019-11-21,316.07000732421875,364.2726745605469,6.139999866485596,70.96600341796875,64.41426849365234,1734.7099609375,45.54999923706055,20.583145141601562,59.78451919555664,311.69000244140625
2019-11-22,314.5199890136719,369.1437072753906,6.25,66.60800170898438,64.35772705078125,1745.719970703125,45.869998931884766,20.92966079711914,58.95260238647461,310.4800109863281
2019-11-25,317.07000732421875,370.9231262207031,6.269999980926514,67.26799774169922,65.48616790771484,1773.8399658203125,47.52000045776367,20.92966079711914,59.01877975463867,315.54998779296875
2019-11-26,336.19000244140625,371.3008728027344,6.300000190734863,65.78399658203125,64.97481536865234,1796.93994140625,46.720001220703125,20.583145141601562,58.3003044128418,312.489990234375
2019-11-27,341.0,365.8234558105469,6.300000190734863,66.25800323486328,65.84756469726562,1818.510009765625,48.15999984741211,21.01876449584961,58.111228942871094,315.92999267578125
2019-11-29,336.75,364.01422119140625,6.519999980926514,65.98799896240234,65.7025146484375,1800.800048828125,47.5099983215332,20.553442001342773,57.32658386230469,314.6600036621094
2019-12-02,330.8399963378906,353.07928466796875,6.269999980926514,66.9739990234375,64.94284057617188,1781.5999755859375,46.38999938964844,20.375232696533203,57.54401397705078,309.989990234375
2019-12-03,350.6600036621094,349.99761962890625,5.980000019073486,67.23999786376953,63.784915924072266,1769.9599609375,45.22999954223633,19.93960952758789,56.74991226196289,306.1600036621094
2019-12-04,372.0,346.7767639160156,5.550000190734863,66.60600280761719,64.34789276123047,1760.68994140625,46.29999923706055,20.701948165893555,56.74991226196289,304.32000732421875
2019-12-05,363.5899963378906,343.6354675292969,5.46999979019165,66.0739974975586,65.29194641113281,1740.47998046875,46.619998931884766,20.77125358581543,56.579750061035156,302.8599853515625
2019-12-06,364.6000061035156,351.9957275390625,5.28000020980835,67.1780014038086,66.55313110351562,1751.5999755859375,47.93000030517578,21.642498016357422,56.91062545776367,307.3500061035156
2019-12-09,369.7900085449219,349.13275146484375,5.329999923706055,67.90599822998047,65.62138366699219,1749.510009765625,46.45000076293945,21.592994689941406,55.237342834472656,302.5
2019-12-10,368.0,345.84234619140625,5.190000057220459,69.76799774169922,66.00489807128906,1739.2099609375,47.459999084472656,21.57319450378418,55.46422576904297,293.1199951171875
2019-12-11,373.0799865722656,347.929931640625,5.639999866485596,70.54000091552734,66.56788635253906,1748.719970703125,49.2599983215332,21.81080436706543,53.989463806152344,298.92999267578125
2019-12-12,372.04998779296875,344.24188232421875,6.210000038146973,71.93599700927734,66.73751831054688,1760.3299560546875,50.970001220703125,22.71175193786621,55.77619171142578,298.44000244140625
2019-12-13,385.57000732421875,339.6492004394531,6.78000020980835,71.6780014038086,67.64470672607422,1760.93994140625,51.20000076293945,22.157320022583008,55.40750503540039,298.5
2019-12-16,393.6300048828125,325.0659484863281,6.679999828338623,76.30000305175781,68.8026351928711,1769.2099609375,52.939998626708984,22.53354263305664,57.430572509765625,304.2099914550781
2019-12-17,387.95001220703125,325.0659484863281,6.619999885559082,75.7979965209961,68.93785095214844,1790.6600341796875,53.0,22.474140167236328,57.86543655395508,315.4800109863281
2019-12-18,396.94000244140625,328.72418212890625,7.230000019073486,78.62999725341797,68.77313232421875,1784.030029296875,53.040000915527344,22.820653915405273,57.58182907104492,320.79998779296875
2019-12-19,393.05999755859375,331.5274963378906,6.309999942779541,80.80799865722656,68.84196472167969,1792.280029296875,54.529998779296875,23.117671966552734,57.78981399536133,332.2200012207031
2019-12-20,390.07000732421875,326.0600280761719,6.570000171661377,81.11799621582031,68.69938659667969,1786.5,55.060001373291016,23.41468620300293,58.24358367919922,336.8999938964844
2019-12-23,389.1300048828125,335.5535583496094,6.53000020980835,83.84400177001953,69.82044219970703,1793.0,55.400001525878906,24.05821990966797,57.345489501953125,333.1000061035156
2019-12-24,399.3900146484375,331.03045654296875,6.610000133514404,85.05000305175781,69.8868179321289,1789.2099609375,55.41999816894531,24.365135192871094,57.638553619384766,333.20001220703125
2019-12-26,408.75,327.96868896484375,6.5,86.18800354003906,71.27339172363281,1868.77001953125,55.11000061035156,24.523544311523438,57.16587448120117,332.6300048828125
2019-12-27,408.0,328.1874084472656,6.369999885559082,86.07599639892578,71.24635314941406,1869.800048828125,54.029998779296875,24.375036239624023,57.080787658691406,329.0899963378906
2019-12-30,396.3599853515625,324.4695129394531,7.190000057220459,82.94000244140625,71.6692123413086,1846.8900146484375,53.209999084472656,24.137422561645508,56.409584045410156,323.30999755859375
2019-12-31,397.5799865722656,323.83331298828125,7.46999979019165,83.66600036621094,72.19286346435547,1847.8399658203125,53.779998779296875,24.59284782409668,56.95789337158203,323.57000732421875
2020-01-02,407.80999755859375,331.34857177734375,7.880000114440918,86.052001953125,73.84004211425781,1898.010009765625,55.38999938964844,23.889907836914062,58.527191162109375,329.80999755859375
2020-01-03,404.2900085449219,330.7919006347656,8.029999732971191,88.60199737548828,73.12215423583984,1874.969970703125,54.529998779296875,23.474088668823242,55.04827117919922,325.8999938964844
2020-01-06,413.3299865722656,331.7660827636719,8.069999694824219,90.30799865722656,73.70481872558594,1902.8800048828125,53.56999969482422,23.70180320739746,55.038814544677734,335.8299865722656
2020-01-07,414.5,335.28515625,8.180000305175781,93.81199645996094,73.35818481445312,1906.8599853515625,58.27000045776367,23.028568267822266,55.90854263305664,330.75
2020-01-08,418.1000061035156,329.41009521484375,8.470000267028809,98.4280014038086,74.53823852539062,1891.969970703125,57.52000045776367,22.493940353393555,55.32242202758789,339.260009765625
2020-01-09,430.20001220703125,334.3507080078125,8.65999984741211,96.26799774169922,76.12149810791016,1901.050048828125,57.310001373291016,22.216726303100586,56.14488220214844,335.6600036621094
2020-01-10,429.1700134277344,327.96868896484375,9.130000114440918,95.62999725341797,76.2935791015625,1883.1600341796875,56.66999816894531,22.038516998291016,56.92953109741211,329.04998779296875
2020-01-13,440.25,328.26690673828125,9.0600004196167,104.97200012207031,77.92353820800781,1891.300048828125,57.45000076293945,22.038516998291016,56.3623161315918,338.9200134277344
2020-01-14,441.2200012207031,330.3843078613281,9.470000267028809,107.58399963378906,76.87132263183594,1869.43994140625,57.52000045776367,22.424636840820312,56.57029724121094,338.69000244140625
2020-01-15,448.510009765625,327.8493957519531,9.75,103.69999694824219,76.54188537597656,1862.02001953125,56.16999816894531,22.53354263305664,54.9537353515625,339.07000732421875
2020-01-16,451.29998779296875,330.036376953125,9.279999732971191,102.697998046875,77.50069427490234,1877.93994140625,57.68000030517578,23.305782318115234,54.386512756347656,338.6199951171875
2020-01-17,454.8800048828125,322.2328186035156,9.710000038146973,102.0999984741211,78.35869598388672,1864.719970703125,57.65999984741211,23.196876525878906,53.78148651123047,339.6700134277344
2020-01-21,465.44000244140625,311.5165710449219,9.140000343322754,109.44000244140625,77.82766723632812,1892.0,58.970001220703125,22.652347564697266,53.11028289794922,338.1099853515625
2020-01-22,464.760009765625,307.17242431640625,9.279999732971191,113.91200256347656,78.10547637939453,1887.4599609375,59.16999816894531,22.0880184173584,52.91175842285156,326.0
2020-01-23,469.25,315.9104309082031,9.15999984741211,114.44000244140625,78.48162078857422,1884.5799560546875,59.20000076293945,22.127622604370117,52.30672836303711,349.6000061035156
2020-01-24,465.4800109863281,321.1393127441406,9.069999694824219,112.96399688720703,78.25543975830078,1861.6400146484375,57.7599983215332,21.454387664794922,51.51262664794922,353.1600036621094
2020-01-27,451.1099853515625,314.72747802734375,8.279999732971191,111.60399627685547,75.95431518554688,1828.3399658203125,55.40999984741211,20.741552352905273,49.8204345703125,342.8800048828125
2020-01-28,467.6600036621094,314.6877136230469,8.630000114440918,113.37999725341797,78.10301208496094,1853.25,56.470001220703125,20.75145149230957,50.037864685058594,348.5199890136719
2020-01-29,471.6700134277344,320.1153869628906,8.40999984741211,116.197998046875,79.73789978027344,1858.0,55.29999923706055,20.395034790039062,50.661800384521484,343.1600036621094
2020-01-30,476.8800048828125,321.3878173828125,8.210000038146973,128.16200256347656,79.6223373413086,1870.6800537109375,55.029998779296875,20.098018646240234,51.380271911621094,347.739990234375
2020-01-31,465.6600036621094,316.3875732421875,7.880000114440918,130.11399841308594,76.09199523925781,2008.719970703125,53.09000015258789,19.573291778564453,51.52207946777344,345.0899963378906
2020-02-03,469.3900146484375,314.1310119628906,8.640000343322754,156.0,75.88301849365234,2004.199951171875,53.779998779296875,19.533689498901367,49.21540451049805,358.0
2020-02-04,485.4599914550781,316.0595397949219,9.350000381469727,177.41200256347656,78.38819885253906,2049.669921875,55.5,19.692096710205078,50.47273254394531,369.010009765625
2020-02-05,475.55999755859375,327.6008605957031,9.4399995803833,146.94000244140625,79.02740478515625,2039.8699951171875,56.77000045776367,21.09796905517578,52.5052490234375,369.6700134277344
2020-02-06,472.9800109863281,339.4106140136719,9.579999923706055,149.79200744628906,79.95177459716797,2050.22998046875,58.68000030517578,20.523738861083984,52.429622650146484,366.95001220703125
2020-02-07,478.69000244140625,334.75830078125,9.850000381469727,149.61399841308594,78.86502075195312,2079.280029296875,56.880001068115234,19.966083526611328,51.701698303222656,366.7699890136719
2020-02-10,491.69000244140625,342.6314697265625,10.010000228881836,154.25599670410156,79.23959350585938,2133.909912109375,57.33000183105469,19.6175479888916,52.06093215942383,371.07000732421875
2020-02-11,492.75,342.3829345703125,10.09000015258789,154.87600708007812,78.76152038574219,2150.800048828125,57.25,19.816709518432617,53.65858840942383,373.69000244140625
2020-02-12,531.25,345.39501953125,10.460000038146973,153.45799255371094,80.63192749023438,2160.0,59.27000045776367,19.408428192138672,55.710018157958984,380.010009765625
2020-02-13,532.969970703125,342.82000732421875,9.649999618530273,160.8000030517578,80.0577392578125,2149.8701171875,59.33000183105469,19.517967224121094,56.248870849609375,381.3999938964844
2020-02-14,531.219970703125,340.489990234375,10.699999809265137,160.00599670410156,80.07746124267578,2134.8701171875,58.5,19.07980728149414,55.14280700683594,380.3999938964844
2020-02-18,536.4099731445312,338.8800048828125,11.710000038146973,171.67999267578125,78.61119842529297,2155.669921875,57.75,18.890602111816406,53.920589447021484,387.7799987792969
2020-02-19,543.2100219726562,338.29998779296875,14.09000015258789,183.48399353027344,79.74970245361328,2170.219970703125,59.9900016784668,18.84081268310547,55.08551025390625,386.19000244140625
2020-02-20,535.5800170898438,336.2799987792969,12.720000267028809,179.8820037841797,78.93156433105469,2153.10009765625,59.0,18.472360610961914,57.53948211669922,386.0
2020-02-21,520.6599731445312,330.3800048828125,11.779999732971191,180.1999969482422,77.14494323730469,2095.969970703125,56.9900016784668,17.8748722076416,56.46050262451172,380.07000732421875
2020-02-24,490.9599914550781,317.8999938964844,11.760000228881836,166.75799560546875,73.48052215576172,2009.2900390625,55.0099983215332,16.401065826416016,53.347679138183594,368.70001220703125
2020-02-25,466.4599914550781,304.1400146484375,10.75,159.98199462890625,70.9915771484375,1972.739990234375,52.099998474121094,15.534708976745605,50.721832275390625,360.0899963378906
2020-02-26,471.17999267578125,305.5899963378906,10.739999771118164,155.75999450683594,72.11776733398438,1979.5899658203125,52.369998931884766,15.235963821411133,49.91020584106445,379.239990234375
2020-02-27,438.3699951171875,287.760009765625,9.170000076293945,135.8000030517578,67.40355682373047,1884.300048828125,50.58000183105469,15.056716918945312,45.76613998413086,371.7099914550781
2020-02-28,463.30999755859375,275.1099853515625,9.069999694824219,133.59800720214844,67.36412811279297,1883.75,52.560001373291016,15.763745307922363,45.2791633605957,369.0299987792969
2020-03-02,488.3999938964844,289.2699890136719,8.869999885559082,148.7239990234375,73.63577270507812,1953.949951171875,54.59000015258789,15.733871459960938,45.57516860961914,381.04998779296875
2020-03-03,476.94000244140625,280.6199951171875,9.289999961853027,149.1020050048828,71.29715728759766,1908.989990234375,51.79999923706055,15.126423835754395,43.130741119384766,368.7699890136719
2020-03-04,512.22998046875,283.1199951171875,10.09000015258789,149.89999389648438,74.60424041748047,1975.8299560546875,55.290000915527344,15.255880355834961,43.80868911743164,383.7900085449219
2020-03-05,498.2200012207031,260.3699951171875,10.199999809265137,144.9080047607422,72.1843032836914,1924.030029296875,53.720001220703125,14.728097915649414,39.34952163696289,372.7799987792969
2020-03-06,472.07000732421875,262.3299865722656,9.170000076293945,140.6959991455078,71.2256851196289,1901.0899658203125,51.470001220703125,13.264250755310059,37.38252639770508,368.9700012207031
2020-03-09,418.32000732421875,227.1699981689453,8.510000228881836,121.5999984741211,65.5923080444336,1800.6099853515625,45.970001220703125,9.300909042358398,32.29315185546875,346.489990234375
2020-03-10,450.3399963378906,231.00999450683594,8.970000267028809,129.0659942626953,70.31636810302734,1891.8199462890625,47.86000061035156,9.221243858337402,32.961551666259766,364.1300048828125
2020-03-11,422.30999755859375,189.0800018310547,7.650000095367432,126.84600067138672,67.8742446899414,1820.8599853515625,43.720001220703125,7.369028091430664,29.9442138671875,349.9200134277344
2020-03-12,377.7799987792969,154.83999633789062,6.489999771118164,112.11000061035156,61.17134094238281,1676.6099853515625,38.810001373291016,6.243757724761963,21.85660171508789,315.25
2020-03-13,390.8999938964844,170.1999969482422,6.119999885559082,109.3239974975586,68.50017547607422,1785.0,42.9900016784668,7.159907341003418,23.794954299926758,336.29998779296875
2020-03-16,322.2900085449219,129.61000061035156,5.309999942779541,89.01399993896484,59.68783187866211,1689.1500244140625,34.470001220703125,5.208110332489014,19.37398338317871,298.8399963378906
2020-03-17,355.0899963378906,124.13999938964844,4.079999923706055,86.04000091552734,62.31230926513672,1807.8399658203125,37.380001068115234,4.172463417053223,19.383529663085938,319.75
2020-03-18,336.8299865722656,101.88999938964844,3.069999933242798,72.24400329589844,60.78691101074219,1830.0,34.689998626708984,3.0073602199554443,15.993800163269043,315.4700012207031
2020-03-19,332.5,97.70999908447266,4.369999885559082,85.52799987792969,60.3211555480957,1880.9300537109375,36.290000915527344,3.9235095977783203,15.965154647827148,332.0299987792969
2020-03-20,346.05999755859375,95.01000213623047,4.079999923706055,85.50599670410156,56.491634368896484,1846.0899658203125,36.11000061035156,4.0131330490112305,18.094478607177734,332.8299865722656
2020-03-23,375.3900146484375,105.62000274658203,3.890000104904175,86.85800170898438,55.29151916503906,1902.8299560546875,38.25,4.451291084289551,15.869670867919922,360.2699890136719
2020-03-24,430.0,127.68000030517578,5.619999885559082,101.0,60.838661193847656,1940.0999755859375,43.27000045776367,5.805599212646484,16.709941864013672,357.32000732421875
2020-03-25,446.6000061035156,158.72999572753906,5.329999923706055,107.8499984741211,60.503517150878906,1885.8399658203125,42.5,6.094385623931885,20.156963348388672,342.3900146484375
2020-03-26,447.4100036621094,180.5500030517578,5.579999923706055,105.63200378417969,63.68739318847656,1955.489990234375,44.790000915527344,6.184009075164795,22.09531593322754,362.989990234375
2020-03-27,421.6199951171875,162.0,5.210000038146973,102.87200164794922,61.050594329833984,1900.0999755859375,43.47999954223633,5.33756685256958,22.1048641204834,357.1199951171875
2020-03-30,430.3800048828125,152.27999877929688,5.329999923706055,100.4260025024414,62.792850494384766,1963.949951171875,44.52000045776367,5.28777551651001,23.231592178344727,370.9599914550781
2020-03-31,416.92999267578125,149.13999938964844,5.230000019073486,104.80000305175781,62.66470718383789,1949.719970703125,42.060001373291016,6.014720439910889,22.553647994995117,375.5
2020-04-01,384.6700134277344,130.6999969482422,4.460000038146973,96.31199645996094,59.36747360229492,1907.699951171875,39.88999938964844,5.8653483390808105,19.927799224853516,364.0799865722656
2020-04-02,346.29998779296875,123.2699966430664,4.960000038146973,90.89399719238281,60.35811996459961,1918.8299560546875,41.09000015258789,6.283589839935303,20.261995315551758,370.0799865722656
2020-04-03,357.6499938964844,124.5199966430664,4.789999961853027,96.00199890136719,59.490692138671875,1906.5899658203125,41.220001220703125,6.154134273529053,19.15436553955078,361.760009765625
2020-04-06,392.6499938964844,148.77000427246094,5.239999771118164,103.24800109863281,64.68050384521484,1997.5899658203125,46.369998931884766,6.642083644866943,22.04757308959961,379.9599914550781
2020-04-07,378.5400085449219,141.5800018310547,5.090000152587891,109.08999633789062,63.93135452270508,2011.5999755859375,46.540000915527344,6.751623153686523,21.493759155273438,372.2799987792969
2020-04-08,414.510009765625,146.8699951171875,5.860000133514404,109.76799774169922,65.56765747070312,2043.0,48.290000915527344,7.189781665802002,23.212493896484375,371.1199951171875
2020-04-09,417.739990234375,151.83999633789062,6.139999866485596,114.5999984741211,66.04080200195312,2042.760009765625,46.130001068115234,7.478568077087402,24.472900390625,370.7200012207031
2020-04-13,447.45001220703125,147.3300018310547,5.940000057220459,130.19000244140625,67.33702850341797,2168.8701171875,46.16999816894531,7.189781665802002,24.186447143554688,396.7200012207031
2020-04-14,496.05999755859375,141.0,7.300000190734863,141.97799682617188,70.73775482177734,2283.320068359375,47.619998931884766,7.2296142578125,25.112653732299805,413.54998779296875
2020-04-15,497.1700134277344,145.97999572753906,6.550000190734863,145.96600341796875,70.09210968017578,2307.679931640625,46.43000030517578,6.841246128082275,22.89739227294922,426.75
2020-04-16,526.4299926757812,134.24000549316406,6.480000019073486,149.04200744628906,70.64904022216797,2408.18994140625,45.529998779296875,6.223841190338135,20.959041595458984,439.1700134277344
2020-04-17,590.3900146484375,154.0,6.829999923706055,150.7779998779297,69.69042205810547,2375.0,45.70000076293945,6.92091178894043,24.301029205322266,422.9599914550781
2020-04-20,629.9000244140625,143.61000061035156,6.800000190734863,149.27200317382812,68.24388122558594,2393.610107421875,43.400001525878906,6.831288814544678,23.72811508178711,437.489990234375
2020-04-21,585.0,136.3300018310547,6.769999980926514,137.343994140625,66.13443756103516,2328.1201171875,41.40999984741211,6.701832294464111,22.64912986755371,433.8299865722656
2020-04-22,626.5599975585938,134.97000122070312,7.949999809265137,146.4219970703125,68.03935241699219,2363.489990234375,43.90999984741211,7.219655990600586,23.57533836364746,421.4200134277344
2020-04-23,620.489990234375,137.74000549316406,7.920000076293945,141.12600708007812,67.77567291259766,2399.449951171875,43.77000045776367,7.767354488372803,24.76890754699707,426.70001220703125
2020-04-24,643.1900024414062,128.97999572753906,8.279999732971191,145.02999877929688,69.7323226928711,2410.219970703125,44.15999984741211,8.145764350891113,24.59703254699707,424.989990234375
2020-04-27,628.5800170898438,128.67999267578125,8.470000267028809,159.75,69.78160858154297,2376.0,45.279998779296875,7.976475715637207,25.255882263183594,421.3800048828125
2020-04-28,633.6500244140625,131.3000030517578,7.71999979019165,153.82400512695312,68.6504898071289,2314.080078125,45.310001373291016,8.115888595581055,27.14649200439453,403.8299865722656
2020-04-29,639.989990234375,139.0,7.980000019073486,160.1020050048828,70.90533447265625,2372.7099609375,49.83000183105469,10.00793743133545,31.548368453979492,411.8900146484375
2020-04-30,632.2899780273438,141.02000427246094,7.670000076293945,156.37600708007812,72.40115356445312,2474.0,47.88999938964844,9.768941879272461,30.631710052490234,419.8500061035156
2020-05-01,613.6400146484375,133.3699951171875,7.349999904632568,140.26400756835938,71.23554229736328,2286.0400390625,45.060001373291016,8.743252754211426,27.919923782348633,415.2699890136719
2020-05-04,658.8900146484375,131.4600067138672,7.210000038146973,152.23800659179688,72.24344635009766,2315.989990234375,44.459999084472656,9.101746559143066,30.106538772583008,428.1499938964844
2020-05-05,686.1099853515625,125.4000015258789,7.340000152587891,153.64199829101562,73.3277359008789,2317.800048828125,45.40999984741211,8.783084869384766,29.734146118164062,424.67999267578125
2020-05-06,733.530029296875,121.86000061035156,7.880000114440918,156.51600646972656,74.08428192138672,2351.260009765625,46.08000183105469,8.743252754211426,28.19683265686035,434.260009765625
2020-05-07,722.760009765625,128.64999389648438,7.849999904632568,156.00799560546875,74.85066986083984,2367.610107421875,46.59000015258789,8.822916984558105,29.390398025512695,436.5299987792969
2020-05-08,708.969970703125,133.44000244140625,8.300000190734863,163.88400268554688,77.25967407226562,2379.610107421875,48.25,10.010618209838867,31.538818359375,435.54998779296875
2020-05-11,750.3400268554688,128.91000366210938,8.390000343322754,162.25799560546875,78.47537231445312,2409.0,48.20000076293945,9.581449508666992,31.223718643188477,440.5199890136719
2020-05-12,742.280029296875,125.22000122070312,8.579999923706055,161.8820037841797,77.57853698730469,2356.949951171875,45.689998626708984,9.242106437683105,30.75583839416504,431.82000732421875
2020-05-13,754.3800048828125,121.5,7.849999904632568,158.19200134277344,76.64185333251953,2367.919921875,43.529998779296875,8.353825569152832,29.648208618164062,438.2699890136719
2020-05-14,754.2899780273438,122.5199966430664,8.029999732971191,160.66600036621094,77.11268615722656,2388.85009765625,45.72999954223633,8.443652153015137,29.495431900024414,441.95001220703125
2020-05-15,767.0,120.0,8.029999732971191,159.83399963378906,76.65679168701172,2409.780029296875,44.40999984741211,8.65324592590332,28.93206787109375,454.19000244140625
2020-05-18,738.02001953125,135.44000244140625,8.34000015258789,162.7259979248047,78.4629135131836,2426.260009765625,45.91999816894531,9.820985794067383,33.37213897705078,452.5799865722656
2020-05-19,753.010009765625,130.44000244140625,8.270000457763672,161.6020050048828,78.009521484375,2449.330078125,45.119998931884766,9.212163925170898,33.49836349487305,451.0400085449219
2020-05-20,778.0,133.32000732421875,8.0,163.11199951171875,79.52666473388672,2497.93994140625,46.63999938964844,9.72117805480957,35.751007080078125,447.6700134277344
2020-05-21,802.3499755859375,139.0,7.929999828338623,165.52000427246094,78.93375396728516,2446.739990234375,45.220001220703125,10.020598411560059,34.653812408447266,436.25
2020-05-22,825.1699829101562,137.52999877929688,7.920000076293945,163.37600708007812,79.44196319580078,2436.8798828125,44.939998626708984,10.080483436584473,34.537296295166016,429.32000732421875
2020-05-26,767.8900146484375,144.72999572753906,8.149999618530273,163.7740020751953,78.90386199951172,2421.860107421875,45.79999923706055,10.200251579284668,35.760719299316406,414.7699890136719
2020-05-27,750.0,149.52000427246094,8.34000015258789,164.04600524902344,79.24764251708984,2410.389892578125,49.45000076293945,10.16032886505127,35.51797866821289,419.8900146484375
2020-05-28,744.4299926757812,149.82000732421875,8.069999694824219,161.16200256347656,79.28252410888672,2401.10009765625,46.470001220703125,9.491622924804688,34.15862274169922,413.44000244140625
2020-05-29,757.7999877929688,145.85000610351562,8.029999732971191,167.0,79.2052993774414,2442.3701171875,47.90999984741211,8.713129997253418,34.119781494140625,419.7300109863281
2020-06-01,758.0,151.38999938964844,8.399999618530273,179.6199951171875,80.17935943603516,2471.0400390625,46.34000015258789,9.43173885345459,35.44029998779297,425.9200134277344
2020-06-02,779.5,153.30999755859375,7.980000019073486,176.31199645996094,80.55054473876953,2472.409912109375,46.81999969482422,9.791043281555176,36.6248779296875,427.30999755859375
2020-06-03,762.02001953125,173.16000366210938,7.769999980926514,176.5919952392578,80.99398040771484,2478.39990234375,48.91999816894531,9.990656852722168,37.46961975097656,421.9700012207031
2020-06-04,735.1900024414062,184.3000030517578,8.0,172.87600708007812,80.29644775390625,2460.60009765625,51.220001220703125,10.120406150817871,36.93558883666992,414.3299865722656
2020-06-05,727.77001953125,205.42999267578125,8.140000343322754,177.1320037841797,82.5833740234375,2483.0,53.720001220703125,11.238241195678711,40.3533935546875,419.6000061035156
2020-06-08,730.6699829101562,230.5,8.569999694824219,189.98399353027344,83.07164001464844,2524.06005859375,53.70000076293945,12.685439109802246,40.98451614379883,419.489990234375
2020-06-09,741.7000122070312,216.74000549316406,8.399999618530273,188.13400268554688,85.69487762451172,2600.860107421875,53.150001525878906,11.75723648071289,39.236778259277344,434.04998779296875
2020-06-10,743.6400146484375,203.41000366210938,10.270000457763672,205.00999450683594,87.89958953857422,2647.449951171875,52.470001220703125,10.729227066040039,38.05219650268555,434.4800109863281
2020-06-11,725.1199951171875,170.0,8.6899995803833,194.5679931640625,83.67949676513672,2557.9599609375,48.52000045776367,9.541526794433594,34.30426788330078,425.55999755859375
2020-06-12,742.5800170898438,189.50999450683594,8.789999961853027,187.05599975585938,84.40194702148438,2545.02001953125,48.689998626708984,10.230193138122559,35.55681228637695,418.07000732421875
2020-06-15,805.469970703125,190.94000244140625,9.050000190734863,198.17999267578125,85.44575500488281,2572.679931640625,49.2400016784668,10.300057411193848,36.74139404296875,425.5
2020-06-16,805.760009765625,197.77000427246094,9.109999656677246,196.42599487304688,87.71025848388672,2615.27001953125,51.02000045776367,10.699285507202148,37.518165588378906,436.1300048828125
2020-06-17,817.3599853515625,192.5399932861328,8.8100004196167,198.35800170898438,87.58819580078125,2640.97998046875,50.959999084472656,10.100443840026855,36.05200958251953,447.7699890136719
2020-06-18,863.5599975585938,192.2899932861328,9.09000015258789,200.79200744628906,87.62307739257812,2653.97998046875,50.47999954223633,10.210230827331543,37.35310363769531,449.8699951171875
2020-06-19,881.0,187.02000427246094,9.430000305175781,200.17999267578125,87.1223373413086,2675.010009765625,50.83000183105469,9.980676651000977,37.08123016357422,453.7200012207031
2020-06-22,904.8099975585938,188.52000427246094,9.069999694824219,198.86399841308594,89.40178680419922,2713.820068359375,51.150001525878906,9.980676651000977,37.48904037475586,468.0400085449219
2020-06-23,911.3400268554688,187.8800048828125,9.020000457763672,200.3560028076172,91.31005096435547,2764.409912109375,49.84000015258789,9.840946197509766,37.67352294921875,466.260009765625
2020-06-24,897.0,176.69000244140625,9.0,192.1699981689453,89.6982421875,2734.39990234375,48.290000915527344,9.242106437683105,35.178138732910156,457.8500061035156
2020-06-25,916.3200073242188,174.8800048828125,8.460000038146973,197.1959991455078,90.8890380859375,2754.580078125,49.189998626708984,9.820985794067383,35.624778747558594,465.9100036621094
2020-06-26,910.0,170.00999450683594,7.78000020980835,191.947998046875,88.09640502929688,2692.8701171875,48.4900016784668,9.092395782470703,34.34310531616211,443.3999938964844
2020-06-29,922.4199829101562,194.49000549316406,8.220000267028809,201.8699951171875,90.1267318725586,2680.3798828125,49.150001525878906,8.633284568786621,34.37223434448242,447.239990234375
2020-06-30,949.2000122070312,183.3000030517578,10.880000114440918,215.96200561523438,90.87906646728516,2758.820068359375,51.52000045776367,8.942686080932617,36.29475021362305,455.0400085449219
2020-07-01,1016.6400146484375,180.32000732421875,10.479999542236328,223.92599487304688,90.7071762084961,2878.699951171875,49.70000076293945,8.842878341674805,34.644107818603516,485.6400146484375
2020-07-02,1029.969970703125,180.80999755859375,10.350000381469727,241.73199462890625,90.7071762084961,2890.300048828125,49.83000183105469,9.531545639038086,35.02278137207031,476.8900146484375
2020-07-06,986.77001953125,187.91000366210938,11.8100004196167,274.3160095214844,93.13361358642578,3057.0400390625,50.91999816894531,9.43173885345459,35.30436325073242,493.80999755859375
2020-07-07,1013.989990234375,178.8800048828125,11.350000381469727,277.97198486328125,92.84463500976562,3000.1201171875,49.09000015258789,8.922723770141602,33.68284606933594,493.1600036621094
2020-07-08,1017.2999877929688,180.0800018310547,12.529999732971191,273.1759948730469,95.00699615478516,3081.110107421875,49.709999084472656,8.802955627441406,33.15852737426758,502.7799987792969
2020-07-09,1040.02001953125,173.27999877929688,13.010000228881836,278.8559875488281,95.41555786132812,3182.6298828125,49.97999954223633,8.62330436706543,32.38174819946289,507.760009765625
2020-07-10,1031.8599853515625,178.44000244140625,13.720000267028809,308.92999267578125,95.58246612548828,3200.0,50.70000076293945,8.992588996887207,35.149009704589844,548.72998046875
2020-07-13,968.75,175.64999389648438,12.109999656677246,299.4119873046875,95.14152526855469,3104.0,49.459999084472656,8.65324592590332,34.284847259521484,525.5
2020-07-14,974.4099731445312,179.9600067138672,13.09000015258789,303.3599853515625,96.7159652709961,3084.0,49.709999084472656,9.581449508666992,35.149009704589844,524.8800048828125
2020-07-15,959.4500122070312,187.94000244140625,17.649999618530273,309.2019958496094,97.38111114501953,3008.8701171875,50.5099983215332,9.791043281555176,36.47923278808594,523.260009765625
2020-07-16,925.489990234375,178.6999969482422,17.059999465942383,300.12799072265625,96.18284606933594,2999.89990234375,50.099998474121094,9.93077278137207,36.30445861816406,527.3900146484375
2020-07-17,928.1300048828125,175.66000366210938,16.989999771118164,300.1679992675781,95.98853302001953,2961.969970703125,49.470001220703125,9.631352424621582,36.82878112792969,492.989990234375
2020-07-20,1009.3900146484375,174.4199981689453,16.610000610351562,328.6000061035156,98.01139068603516,3196.840087890625,51.209999084472656,10.16032886505127,35.68303680419922,502.4100036621094
2020-07-21,952.8300170898438,178.6300048828125,17.09000015258789,313.6719970703125,96.65866088867188,3138.2900390625,51.52000045776367,10.94880199432373,37.42107009887695,490.1000061035156
2020-07-22,957.3300170898438,179.7899932861328,18.709999084472656,318.46600341796875,96.9301986694336,3099.909912109375,51.650001525878906,10.839014053344727,37.605552673339844,489.82000732421875
2020-07-23,928.4099731445312,176.4499969482422,17.56999969482422,302.614013671875,92.5182876586914,2986.550048828125,52.63999938964844,10.928840637207031,37.75120162963867,477.5799865722656
2020-07-24,929.8099975585938,173.75999450683594,16.90999984741211,283.3999938964844,92.28909301757812,3008.909912109375,50.02000045776367,10.868956565856934,37.5764274597168,480.45001220703125
2020-07-27,976.3900146484375,170.2100067138672,16.219999313354492,307.9200134277344,94.47636413574219,3055.2099609375,51.59000015258789,10.878936767578125,37.40165328979492,495.6499938964844
2020-07-28,985.0,170.83999633789062,14.989999771118164,295.2980041503906,92.92435455322266,3000.330078125,50.09000015258789,10.579517364501953,37.01326370239258,488.510009765625
2020-07-29,1053.5899658203125,166.00999450683594,12.859999656677246,299.8219909667969,94.70555877685547,3033.530029296875,50.38999938964844,10.639400482177734,38.75129318237305,484.4800109863281
2020-07-30,1048.8399658203125,161.9499969482422,12.579999923706055,297.49798583984375,95.85151672363281,3051.8798828125,50.7400016784668,10.200251579284668,36.974430084228516,485.79998779296875
2020-07-31,1024.0,158.0,12.15999984741211,286.1520080566406,105.8860855102539,3164.679931640625,50.060001373291016,9.970695495605469,37.0909423828125,488.8800048828125
2020-08-03,1083.050048828125,162.27000427246094,13.65999984741211,297.0,108.55415344238281,3111.889892578125,50.38999938964844,9.95073413848877,37.450199127197266,498.6199951171875
2020-08-04,1080.0,165.07000732421875,14.119999885559082,297.3999938964844,109.27909851074219,3138.830078125,51.29999923706055,10.16032886505127,36.59574508666992,509.6400146484375
2020-08-05,1094.6500244140625,174.27999877929688,14.010000228881836,297.0039978027344,109.6751937866211,3205.030029296875,51.04999923706055,10.399864196777344,35.37232971191406,502.1099853515625
2020-08-06,1088.1300048828125,172.1999969482422,12.970000267028809,297.9159851074219,113.50167846679688,3225.0,48.70000076293945,10.329999923706055,34.69265365600586,509.0799865722656
2020-08-07,1053.1199951171875,170.02000427246094,12.539999961853027,290.5419921875,110.92113494873047,3167.4599609375,48.75,10.270000457763672,35.60536193847656,494.7300109863281
2020-08-10,1005.5599975585938,179.41000366210938,13.029999732971191,283.7139892578125,112.53335571289062,3148.159912109375,49.150001525878906,10.6899995803833,36.05200958251953,483.3800048828125
2020-08-11,971.989990234375,180.1300048828125,12.800000190734863,274.87799072265625,109.1866226196289,3080.669921875,47.7599983215332,10.649999618530273,35.877235412597656,466.92999267578125
2020-08-12,991.0,175.44000244140625,13.210000038146973,310.9519958496094,112.81536865234375,3162.239990234375,48.47999954223633,10.720000267028809,37.02297592163086,475.4700012207031
2020-08-13,999.9000244140625,174.72999572753906,14.40999984741211,324.20001220703125,114.81192016601562,3161.02001953125,46.13999938964844,10.569999694824219,36.1782341003418,481.3299865722656
2020-08-14,987.9000244140625,178.0800018310547,14.170000076293945,330.1419982910156,114.70960235595703,3148.02001953125,45.599998474121094,10.619999885559082,37.23658752441406,482.67999267578125
2020-08-17,1012.9600219726562,172.00999450683594,14.25,367.12799072265625,114.41011047363281,3182.409912109375,45.220001220703125,10.579999923706055,37.52787780761719,482.3500061035156
2020-08-18,1024.7099609375,170.22999572753906,17.0,377.4179992675781,115.36347198486328,3312.489990234375,44.400001525878906,10.3100004196167,36.70969772338867,491.8699951171875
2020-08-19,1009.1099853515625,169.27000427246094,16.889999389648438,375.70599365234375,115.50821685791016,3260.47998046875,44.04999923706055,10.199999809265137,36.650550842285156,484.5299987792969
2020-08-20,1039.6199951171875,169.5800018310547,16.360000610351562,400.3659973144531,118.07129669189453,3297.3701171875,42.9900016784668,10.010000228881836,35.11276626586914,497.8999938964844
2020-08-21,1021.1199951171875,167.5,17.059999465942383,409.9960021972656,124.15579986572266,3284.719970703125,42.65999984741211,10.039999961853027,34.89590072631836,492.30999755859375
2020-08-24,999.3200073242188,178.27000427246094,16.34000015258789,402.8399963378906,125.64073944091797,3307.4599609375,43.7599983215332,10.369999885559082,36.28582000732422,488.80999755859375
2020-08-25,1037.18994140625,174.72999572753906,16.299999237060547,404.6679992675781,124.61001586914062,3346.489990234375,45.099998474121094,10.229999542236328,35.930946350097656,490.5799865722656
2020-08-26,1089.3299560546875,171.89999389648438,16.229999542236328,430.6340026855469,126.30459594726562,3441.85009765625,44.959999084472656,10.0600004196167,34.82689666748047,547.530029296875
2020-08-27,1053.5,174.1999969482422,16.40999984741211,447.75,124.7947006225586,3400.0,44.619998931884766,10.039999961853027,34.48188018798828,526.27001953125
2020-08-28,1042.06005859375,175.8000030517578,16.309999465942383,442.67999267578125,124.5925521850586,3401.800048828125,45.689998626708984,10.180000305175781,36.561832427978516,523.8900146484375
2020-08-31,1066.4200439453125,171.82000732421875,15.65999984741211,498.32000732421875,128.8177490234375,3450.9599609375,45.5099983215332,9.949999809265137,34.95504379272461,529.5599975585938
2020-09-01,1134.3199462890625,172.10000610351562,16.450000762939453,475.04998779296875,133.9488983154297,3499.1201171875,45.7599983215332,9.850000381469727,34.472023010253906,556.5499877929688
2020-09-02,1074.5899658203125,174.77999877929688,16.479999542236328,447.3699951171875,131.17369079589844,3531.449951171875,47.83000183105469,9.850000381469727,34.511451721191406,552.8400268554688
2020-09-03,1015.7000122070312,168.77000427246094,15.720000267028809,407.0,120.67180633544922,3368.0,46.33000183105469,9.720000267028809,33.77212905883789,525.75
2020-09-04,973.02001953125,171.0500030517578,14.40999984741211,418.32000732421875,120.75167083740234,3294.6201171875,46.47999954223633,9.699999809265137,33.16096115112305,516.0499877929688
2020-09-08,917.4000244140625,161.0800018310547,13.539999961853027,330.2099914550781,112.62569427490234,3149.840087890625,45.029998779296875,9.399999618530273,31.869617462158203,507.0199890136719
2020-09-09,949.3099975585938,160.77999877929688,14.479999542236328,366.2799987792969,117.1179428100586,3268.610107421875,45.150001525878906,9.520000457763672,31.317590713500977,500.19000244140625
2020-09-10,934.1699829101562,157.69000244140625,13.789999961853027,371.3399963378906,113.29454040527344,3175.110107421875,44.869998931884766,9.239999771118164,29.838951110839844,480.6700134277344
2020-09-11,914.5,160.22999572753906,13.470000267028809,372.7200012207031,111.8071060180664,3116.219970703125,46.09000015258789,9.170000076293945,30.804994583129883,482.0299987792969
2020-09-14,931.8300170898438,165.35000610351562,14.630000114440918,419.6199951171875,115.16131591796875,3102.969970703125,49.029998779296875,9.130000114440918,31.56403160095215,476.260009765625
2020-09-15,929.3900146484375,163.49000549316406,14.470000267028809,449.760009765625,115.34101104736328,3156.1298828125,49.04999923706055,9.020000457763672,30.647274017333984,495.989990234375
2020-09-16,885.1799926757812,167.4600067138672,14.90999984741211,441.760009765625,111.93688201904297,3078.10009765625,50.209999084472656,9.319999694824219,31.899188995361328,483.8599853515625
2020-09-17,870.760009765625,167.52999877929688,14.550000190734863,423.42999267578125,110.14996337890625,3008.72998046875,50.97999954223633,9.34000015258789,31.66260528564453,470.20001220703125
2020-09-18,901.3400268554688,161.13999938964844,17.229999542236328,442.1499938964844,106.65599060058594,2954.909912109375,50.7400016784668,9.279999732971191,31.820327758789062,469.9599914550781
2020-09-21,927.8900146484375,156.35000610351562,17.920000076293945,449.3900146484375,109.89041137695312,2960.469970703125,49.150001525878906,8.989999771118164,30.804994583129883,487.3500061035156
2020-09-22,954.25,156.8000030517578,16.889999389648438,424.2300109863281,111.617431640625,3128.989990234375,49.70000076293945,8.930000305175781,30.597986221313477,491.1700134277344
2020-09-23,918.8099975585938,151.17999267578125,15.239999771118164,380.3599853515625,106.93550872802734,2999.860107421875,49.849998474121094,8.5,28.320880889892578,470.6099853515625
2020-09-24,908.6099853515625,146.0500030517578,14.609999656677246,387.7900085449219,108.03361511230469,3019.7900390625,49.470001220703125,8.5,28.212448120117188,473.0799865722656
2020-09-25,960.9199829101562,156.02999877929688,15.170000076293945,407.3399963378906,112.08662414550781,3095.1298828125,49.13999938964844,8.489999771118164,28.22230339050293,482.8800048828125
2020-09-28,966.5,166.0800018310547,16.8799991607666,421.20001220703125,114.76200866699219,3174.050048828125,49.720001220703125,8.75,29.523508071899414,490.6499938964844
2020-09-29,1025.699951171875,163.60000610351562,16.8799991607666,419.07000732421875,113.89350128173828,3144.8798828125,50.709999084472656,8.520000457763672,29.01091194152832,493.4800109863281
2020-09-30,1022.969970703125,165.25999450683594,17.969999313354492,429.010009765625,115.61054229736328,3148.72998046875,46.959999084472656,8.550000190734863,28.92219352722168,500.0299987792969
2020-10-01,1054.4300537109375,167.86000061035156,17.280000686645508,448.1600036621094,116.58885955810547,3221.260009765625,47.91999816894531,8.34000015258789,27.315404891967773,527.510009765625
2020-10-02,1028.989990234375,168.0800018310547,15.970000267028809,415.0899963378906,112.82534790039062,3125.0,46.54999923706055,8.460000038146973,27.867431640625,503.05999755859375
2020-10-05,1065.530029296875,171.1999969482422,17.700000762939453,425.67999267578125,116.29935455322266,3199.199951171875,47.599998474121094,8.460000038146973,28.823617935180664,520.6500244140625
2020-10-06,1041.25,159.5399932861328,19.530000686645508,413.9800109863281,112.9651107788086,3099.9599609375,47.31999969482422,4.179999828338623,28.419456481933594,505.8699951171875
2020-10-07,1073.4300537109375,164.61000061035156,21.6299991607666,425.29998779296875,114.88180541992188,3195.68994140625,48.40999984741211,4.179999828338623,28.794044494628906,534.6599731445312
2020-10-08,1069.2099609375,168.0,20.6200008392334,425.9200134277344,114.77198791503906,3190.550048828125,49.900001525878906,4.199999809265137,30.676847457885742,531.7899780273438
2020-10-09,1096.0,167.3300018310547,22.920000076293945,434.0,116.76854705810547,3286.64990234375,49.88999938964844,4.199999809265137,29.69108772277832,539.4400024414062
2020-10-12,1090.0,167.35000610351562,21.920000076293945,442.29998779296875,124.18575286865234,3442.929931640625,50.68000030517578,4.199999809265137,30.055818557739258,539.8099975585938
2020-10-13,1106.5899658203125,162.13999938964844,21.18000030517578,446.6499938964844,120.89143371582031,3443.6298828125,51.849998474121094,4.199999809265137,28.961624145507812,554.0900268554688
2020-10-14,1082.1199951171875,163.24000549316406,20.729999542236328,461.29998779296875,120.98127746582031,3363.7099609375,51.630001068115234,4.199999809265137,29.48407745361328,541.4500122070312
2020-10-15,1078.300048828125,164.24000549316406,19.079999923706055,448.8800048828125,120.50210571289062,3338.64990234375,51.939998626708984,4.199999809265137,30.105106353759766,541.9400024414062
2020-10-16,1067.2099609375,167.35000610351562,18.860000610351562,439.6700134277344,118.81501007080078,3272.7099609375,51.61000061035156,4.199999809265137,28.951766967773438,530.7899780273438
2020-10-19,1069.0,167.11000061035156,18.31999969482422,430.8299865722656,115.7802505493164,3207.2099609375,52.630001068115234,7.099999904632568,27.847715377807617,530.719970703125
2020-10-20,1056.489990234375,167.24000549316406,18.170000076293945,421.94000244140625,117.3076171875,3217.010009765625,53.529998779296875,4.179999828338623,28.823617935180664,525.4199829101562
2020-10-21,1022.010009765625,163.86000061035156,16.399999618530273,422.6400146484375,116.6687240600586,3184.93994140625,53.310001373291016,4.179999828338623,28.40959930419922,489.04998779296875
2020-10-22,1007.0700073242188,169.07000732421875,16.610000610351562,425.7900085449219,115.55064392089844,3176.39990234375,54.380001068115234,4.179999828338623,29.089773178100586,485.2300109863281
2020-10-23,1026.219970703125,167.36000061035156,16.43000030517578,420.6300048828125,114.84187316894531,3204.39990234375,52.849998474121094,4.179999828338623,29.4643611907959,488.2799987792969
2020-10-26,1038.050048828125,160.8300018310547,15.670000076293945,420.2799987792969,114.85185241699219,3207.0400390625,52.13999938964844,4.179999828338623,28.192731857299805,488.239990234375
2020-10-27,1082.8900146484375,155.24000549316406,15.420000076293945,424.67999267578125,116.39917755126953,3286.330078125,51.959999084472656,4.150000095367432,27.788570404052734,488.92999267578125
2020-10-28,1026.7099609375,148.13999938964844,14.600000381469727,406.0199890136719,111.00847625732422,3162.780029296875,50.0,4.150000095367432,27.108396530151367,486.239990234375
2020-10-29,977.0,148.2899932861328,14.720000267028809,410.8299865722656,115.12138366699219,3211.010009765625,50.47999954223633,4.150000095367432,28.419456481933594,504.2099914550781
2020-10-30,925.4299926757812,144.38999938964844,12.640000343322754,388.0400085449219,108.67251586914062,3036.14990234375,50.34000015258789,4.150000095367432,29.07991600036621,475.739990234375
2020-11-02,914.989990234375,148.60000610351562,12.989999771118164,400.510009765625,108.5826644897461,3004.47998046875,49.709999084472656,4.150000095367432,30.85428237915039,484.1199951171875
2020-11-03,941.719970703125,153.64999389648438,14.520000457763672,423.8999938964844,110.24979400634766,3048.409912109375,51.08000183105469,4.139999866485596,31.455596923828125,487.2200012207031
2020-11-04,996.0,151.6300048828125,13.800000190734863,420.9800109863281,114.75202178955078,3241.159912109375,51.959999084472656,4.139999866485596,31.24858856201172,496.95001220703125
2020-11-05,1036.5,157.08999633789062,15.399999618530273,438.0899963378906,118.82499694824219,3322.0,54.58000183105469,4.139999866485596,31.37673568725586,513.760009765625
2020-11-06,1045.0,157.74000549316406,14.630000114440918,429.95001220703125,118.69000244140625,3311.3701171875,55.15999984741211,4.099999904632568,31.13029670715332,514.72998046875
2020-11-09,902.5999755859375,179.36000061035156,15.529999732971191,421.260009765625,116.31999969482422,3143.739990234375,55.959999084472656,4.139999866485596,35.95066452026367,470.5
2020-11-10,885.760009765625,188.69000244140625,15.569999694824219,410.3599853515625,115.97000122070312,3035.02001953125,55.40999984741211,4.260000228881836,37.104000091552734,480.239990234375
2020-11-11,947.1799926757812,182.14999389648438,17.100000381469727,417.1300048828125,119.48999786376953,3137.389892578125,56.36000061035156,4.380000114440918,36.66040802001953,490.760009765625
2020-11-12,925.7999877929688,176.72000122070312,17.100000381469727,411.760009765625,119.20999908447266,3110.280029296875,56.25,4.489999771118164,34.205867767333984,486.7699890136719
2020-11-13,918.2999877929688,187.11000061035156,18.049999237060547,408.5,119.26000213623047,3128.81005859375,57.93000030517578,4.46999979019165,37.025142669677734,482.8399963378906
2020-11-16,919.219970703125,202.39999389648438,19.149999618530273,408.0899963378906,120.30000305175781,3131.06005859375,61.86000061035156,4.46999979019165,40.14999771118164,479.1000061035156
2020-11-17,908.771484375,208.99000549316406,19.270000457763672,439.92510986328125,119.70500183105469,3137.0,61.66999816894531,,40.04999923706055,479.88800048828125
